content_item_id,source_type,text_preview,primary_topic,secondary_topic
3062,device,Laser and Light-Based Devices Expand the Aesthetic Treatment Toolkit  A 2026 review shows how variou,Research & Clinical Findings,
2751,device,"Merz Aesthetics Announces FDA Clearance of Ultherapy PRIME for Knee Skin Laxity  [""The FDA has clear",Product & Device Launches,
2756,device,"MRP Signs Exclusive US Distribution Agreement to Bring Vydence Medical Platforms to Market  [""MRP ha",Product & Device Launches,Business Operations & Marketing
2753,device,"Non-Light-Based Energy Devices Continue to Expand the Aesthetic Treatment Landscape  [""A new review ",Research & Clinical Findings,Body Contouring & Energy-Based Devices
3040,device,Picosecond Laser Study Links Immediate Whitening to Skin Tissue Response  Picosecond laser–induced i,Research & Clinical Findings,
2757,device,"Radiofrequency Microneedling Shows Promise for Periorbital Skin Rejuvenation  [""Radiofrequency micro",Research & Clinical Findings,Body Contouring & Energy-Based Devices
3061,device,Review Explores Energy-based Devices in Gender-affirming Care  Laser hair removal and energy-based d,Body Contouring & Energy-Based Devices,Research & Clinical Findings
2754,device,"Study Identifies Key Trends in GLP-1–Related Plastic Surgery Research  [""A bibliometric analysis of ",Research & Clinical Findings,"GLP-1, Weight Loss & Peptides"
2755,device,"Study Links Non-Ablative Fractional Laser Treatment to Epigenetic Remodeling of Aging Skin  [""A spli",Research & Clinical Findings,
2749,device,"Three-Part Acne Scar Protocol Shows Progressive Changes Through 139 Days  [""A recent case series eva",Research & Clinical Findings,
2750,device,"Treatment Sessions Linked to ABNOM Clearance in Laser Meta-Analysis  [""A systematic review of 40 stu",Research & Clinical Findings,Body Contouring & Energy-Based Devices
2758,podcast,How to Future-Proof Your Med Spa's Digital Marketing  Welcome in. You're listening to Medical Spa In,Business Operations & Marketing,
2761,podcast,Dr Kay on Reversing Aging - Medical Spa Insider Podcast #medicalaesthetics #peptides #antiaging  Pep,"GLP-1, Weight Loss & Peptides",Business Operations & Marketing
2763,podcast,AIA 2026: The Gold Standard in Anatomy  People come to your practice with the understanding that you,Career & Training,
2760,podcast,Catching Up with Sonya Ellis  You're ready to answer all the questions. I'm just going to sit here. ,Business Operations & Marketing,
2759,podcast,From Overwhelmed to Confident | Medical Spa Boot Camp  I was actually referred to the Medical Spa Bo,Business Operations & Marketing,
2968,podcast,"How to 5X Your Referrals in 6 Months or Less  Welcome in. You're listening to Medical Spa Insider, p",Business Operations & Marketing,
2764,podcast,The Science of Skin Health in Uncertain Times  Welcome in. [music] You're listening to Medical Spa I,Business Operations & Marketing,
2766,podcast,The Longevity Shift in Medical Aesthetics  Welcome in. You're listening to Medical Spa Insider prese,"GLP-1, Weight Loss & Peptides",
2765,podcast,Johnny Franco on Seeing Young Patients #aestheticmedicine #weightloss #glp1 #skincare  These 20-30 y,"GLP-1, Weight Loss & Peptides",
2762,podcast,"Female Trailblazers: Mindsets, Market Trends, and Scaling Success  Welcome in. You're listening to M",Business Operations & Marketing,Career & Training
2689,paper,Regenerative Approaches to Enhance the Skin Microenvironment and Boost Aesthetic Efficacy: A Narrati,Research & Clinical Findings,Business Operations & Marketing
2665,paper,"Extracellular Vesicles in Regenerative and Cosmetic Medicine: Safety, Clinical Effectiveness, Therap",Research & Clinical Findings,Regulatory & Legal
2684,paper,Report on the 12th National Congress AICPE (Associazione Italiana di Chirurgia Plastica Estetica) He,Research & Clinical Findings,
2681,paper,Report on the 13th National Congress AICPE (Associazione Italiana di Chirurgia Plastica Estetica) He,Research & Clinical Findings,
2685,paper,Facial Paralysis Treatment and Facial Symmetrization with Botulinum Neurotoxin: A Narrative Review w,Research & Clinical Findings,Injectables & Fillers
2672,paper,Italian Consensus and Review in Lower Face Mimetic Muscle Treatment with Botulinum Toxin-A  Backgrou,Research & Clinical Findings,
3060,paper,"Advances in Tissue Engineering and Regenerative Medicine: Biomaterials, Biofabrication, Cell-Based a",Research & Clinical Findings,
2667,paper,Beyond Ornament: Ecosystem Services and Disservices of Cultivated Ornamental Flora on the Circum-Sic,Off-topic / Not relevant,
3087,paper,Differential Modulation of Extracellular Matrix- and Longevity-Related Gene Expression by Calcium Hy,Research & Clinical Findings,
2687,paper,Imaging-Guided Surgical Decision-Making and Bone Healing in Mandibular Cystic and Tumor-like Lesions,Off-topic / Not relevant,
2683,paper,Florid Cemento-Osseous Dysplasia with Superimposed Infection Mimicking MRONJ and Plasma Cell Neoplas,Off-topic / Not relevant,
2680,paper,Ultrasound-Guided Low-Dose Hyaluronidase for Infraorbital Artery Occlusion with Secondary Gingival I,Safety Incidents,Injectables & Fillers
2673,paper,Artificial Intelligence in Plastic Surgery Education: Insights from Parallel Turkish and English Ver,Research & Clinical Findings,
2692,paper,The Contemporary Role of Oral Maxillofacial Surgeons in Head and Neck Reconstructions  Oral and Maxi,Research & Clinical Findings,
2679,paper,Hyaluronic Acid Fillers Versus Polynucleotides for Under-Eye Rejuvenation  The periorbital region re,Research & Clinical Findings,
2671,paper,"Anti-Obesity Medications in Longevity and Aesthetic Medicine  Anti-obesity medications (AOMs), led b","GLP-1, Weight Loss & Peptides",
2691,paper,An Injectable Biopolymer Hydrogel Complex (PN/HA/B3) for Facial Skin Redensification and General Rej,Injectables & Fillers,Research & Clinical Findings
2686,paper,Extracellular Matrix Remodeling and Dermal Microenvironment Modulation in Regenerative Facial Aesthe,Research & Clinical Findings,
2682,paper,From Collagen Colour to Collagen Biology: An Integrated Framework for Dermal Remodelling Assessment ,Research & Clinical Findings,
2676,paper,"Comparative Characterization of Injectable Dermal Fillers: Physicochemical Properties, Cytotoxicity,",Research & Clinical Findings,
2748,paper,Cosmetic Peptides as Adjunctive Skincare in Aesthetic Medicine: From Peri-Procedural Care to Long-Te,Research & Clinical Findings,
2674,paper,Visceral Obesity and Its Complications: The Role of Bioelectrical Impedance Analysis in Longevity Me,Research & Clinical Findings,
2678,paper,Documenting Environmental Knowledge in the Bahnar Language of Vietnam  Environmental knowledge encod,Off-topic / Not relevant,
2688,paper,"Highly Cited Research on Botulinum Toxin: A Bibliometric Analysis of Clinical Trends, Influential Ev",Research & Clinical Findings,
2677,paper,Unconventional Applications of Semaglutide and Tirzepatide: From Oncology to Human Reproduction  Sem,"GLP-1, Weight Loss & Peptides",Research & Clinical Findings
2669,paper,Metal Alloys Used in Dental Prosthetics and Their Impact on the Oral Microbiome: Narrative Review  I,Off-topic / Not relevant,
2668,paper,From ECM Aging to Mechanobiological Restoration: Injectable Fillers and Dermal Fibroblast Mechanotra,Research & Clinical Findings,Injectables & Fillers
3086,paper,The PATH Protocol for Integrated Facial Rejuvenation: A Preliminary Three-Patient Case Report Series,Research & Clinical Findings,
2675,paper,Deep Learning-Based Multi-Class Body Fluid Cell Type Classification: A Comparative Evaluation of Ima,Off-topic / Not relevant,
2666,paper,Less Is More? Treatment Intensity and Patient-Reported Outcomes in Minimally Invasive Aesthetic Medi,Research & Clinical Findings,
2670,paper,A Conceptual Vector-Based Perspective on Progressive Facial Aging  Facial aging is a multifactorial ,Research & Clinical Findings,
2644,news,10 Moves Practice Managers Can Use to Protect Margins  News›Practice Management10 Moves Practice Man,Business Operations & Marketing,
2967,news,"2026 Med Spa Industry Survey Now Open to Responses  News›AmSpa News,Industry News2026 Med Spa Indust",Business Operations & Marketing,
2634,news,FDA Advisory Committee to Review Seven Peptides for Potential Use in Compounding  News›Legal & Compl,Regulatory & Legal,"GLP-1, Weight Loss & Peptides"
2595,news,27-Year-Old Dies Following NAD+ Infusion at New York Wellness Center  News›Industry News27-Year-Old ,Safety Incidents,Regulatory & Legal
2620,news,5 Ways Med Spas Can Improve Treatment Without More Marketing  News›Practice Management5 Ways Med Spa,Business Operations & Marketing,
2657,news,Aesthetic Injector Academy Becomes Silver Vendor Affiliate with the American Med Spa Association  Ne,Career & Training,Business Operations & Marketing
3017,news,AI Is Reshaping the Med Spa Industry. Is Your Practice Ready for What That Means?  News›Legal & Comp,Regulatory & Legal,
2653,news,Allergan Aesthetics Launches HArmonyCa with Lidocaine in Canada  News›NewsAllergan Aesthetics Launch,Product & Device Launches,Injectables & Fillers
2614,news,Allergan Aesthetics Receives Approval for Boey® (trenibotulinumtoxinE) in Canada  News›Industry News,Product & Device Launches,Regulatory & Legal
2662,news,Allergan Aesthetics Refreshes Allergan Partner Privileges to Better Support Today’s Modern Aesthetic,Business Operations & Marketing,
2643,news,Allergan Aesthetics Releases ‘The Aesthetics Evolution: What Consumers Really Want’ Highlighting Con,Business Operations & Marketing,
2617,news,Allergan Aesthetics’ Skinvive by Juvéderm Receives FDA Approval for the Improvement of Neck Appearan,Product & Device Launches,
2603,news,Allergan Receives Approval for Boey (trenibotulinumtoxinE) in Europe  News›Industry NewsAllergan Rec,Injectables & Fillers,Product & Device Launches
2626,news,AmSpa CEO Reflects on the Sonya Dakar Case  News›Industry NewsAmSpa CEO Reflects on the Sonya Dakar ,Regulatory & Legal,Safety Incidents
2594,news,AmSpa Partners with Allergan Medical Institute to Offer Members Scholarship Opportunities  News›Indu,Career & Training,
2621,news,Asheville Wellness Founder Faces 10 Felony Charges in GLP-1 Case  News›Industry NewsAsheville Wellne,"GLP-1, Weight Loss & Peptides",Regulatory & Legal
2632,news,Best Medical Spa Software in 2026: Features and Pricing Compared  News›Practice ManagementBest Medic,Business Operations & Marketing,
2659,news,Boulevard Becomes Silver Vendor Affiliate with the American Med Spa Association  News›NewsBoulevard ,Business Operations & Marketing,
2630,news,Building a Lean Med Spa Team and Network: Lessons from Kathy Taranto  News›Practice ManagementBuildi,Business Operations & Marketing,
3016,news,ByrdAdatto Attorneys Recognized in the 2027 Edition of Best Lawyers  News›Industry NewsByrdAdatto At,Regulatory & Legal,
2596,news,Cavin CPAs & Advisors Becomes Platinum Vendor Affiliate with the American Med Spa Association  News›,Business Operations & Marketing,
2649,news,CorralData Becomes Platinum Vendor Affiliate with the American Med Spa Association  News›Industry Ne,Business Operations & Marketing,
2637,news,DAW Systems Earns First Artificial Intelligence Accreditation from DirectTrust  News›Industry NewsDA,Off-topic / Not relevant,
2747,news,DaySpark Becomes Silver Vendor Affiliate with the American Med Spa Association  News›Industry NewsDa,Business Operations & Marketing,
2597,news,DermAesthetic Consulting Supports AmSpa Members as Platinum Vendor Affiliate  News›Industry NewsDerm,Business Operations & Marketing,
2658,news,Designed by Stax Becomes Platinum Vendor Affiliate with the American Med Spa Association  News›Indus,Business Operations & Marketing,
2625,news,"Dr. Sheila Barbarino on Innovation, Safety and the Future of Medical Aesthetics  News›Spotlights,Tra",Business Operations & Marketing,Regulatory & Legal
2609,news,Estée Lauder Executive’s Death Linked to Pulmonary Embolism Following Cosmetic Filler Injection  New,Safety Incidents,Injectables & Fillers
2592,news,FDA Accepts Supplemental Biologics License Application for Botox Cosmetic for Masseter Muscle Promin,Regulatory & Legal,Injectables & Fillers
2612,news,"FDA Advisory Committee Recommends Adding BPC-157 to Compounding List  News›Industry News,Legal & Com",Regulatory & Legal,"GLP-1, Weight Loss & Peptides"
2599,news,FDA Advisory Committee Recommends Adding Six of Seven Peptides to Compounding List  News›Industry Ne,Regulatory & Legal,"GLP-1, Weight Loss & Peptides"
2642,news,"FDA Approves First New Sunscreen Ingredient in 20 Years  News›Industry News,NewsFDA Approves First N",Regulatory & Legal,
2600,news,FDA to Review Peptides: What Med Spa Professionals Should Know Ahead of the July 23–24 Meeting  News,Regulatory & Legal,"GLP-1, Weight Loss & Peptides"
2608,news,From Clinician to Founder: How Taylor Siemens Is Redefining Leadership in Aesthetic Medicine  News›S,Business Operations & Marketing,Career & Training
2604,news,"Galderma Launches Alastin in Japan, Soon to Singapore, South Korea  News›Industry NewsGalderma Launc",Product & Device Launches,
2663,news,Galderma Receives EU Approval for Restylane Shaype: Bone-Mimicking Hyaluronic Acid Injectable for Ch,Product & Device Launches,Injectables & Fillers
2628,news,Georgia Medical Board to Discuss IV Therapy Position Statement  News›Legal & ComplianceGeorgia Medic,Regulatory & Legal,
2650,news,"Glendale Doctor Convicted in $45 Million Botox Fraud Scheme  News›Legal & Compliance,NewsGlendale Do",Regulatory & Legal,Injectables & Fillers
2606,news,GlossGenius Becomes Platinum Vendor Affiliate with the American Med Spa Association  News›Industry N,Business Operations & Marketing,
2622,news,"GLP-1 Overdose Case Highlights Telehealth Safety, Compliance Risks  News›Industry NewsGLP-1 Overdose","GLP-1, Weight Loss & Peptides",
2616,news,Google vs. Meta Ads for Med Spas: Which Actually Drives Bookings?  News›Marketing & SalesGoogle vs. ,Business Operations & Marketing,
2627,news,Growth99 Introduces Gia: An AI Front Desk Built to Convert New Patient Inquiries Across Every Channe,Business Operations & Marketing,
2598,news,Growth99 Supports AmSpa Members as Platinum Vendor Affiliate  News›Industry NewsGrowth99 Supports Am,Business Operations & Marketing,
2648,news,Houston Woman Charged in Alleged Unlicensed Lip Filler Case After Client Injury  News›Legal & Compli,Regulatory & Legal,Injectables & Fillers
2660,news,How Medical Spa Boot Camp Helps New Owners Build with Confidence  News›Training & EventsHow Medical ,Business Operations & Marketing,Career & Training
2654,news,"How to Implement BHRT in Your Med Spa in 6 Steps  News›Clinical Practice,Practice ManagementHow to I",Business Operations & Marketing,Regulatory & Legal
2647,news,Hydrafacial Introduces HydraScalp with Keravive  News›Industry NewsHydrafacial Introduces HydraScalp,Product & Device Launches,
2965,news,Lilly Sues Six Companies Over Alleged Sales of Experimental Weight-Loss Drug Retatrutide  News›Indus,"GLP-1, Weight Loss & Peptides",Regulatory & Legal
2593,news,Mango Voice Becomes Platinum Vendor Affiliate with the American Med Spa Association  News›NewsMango ,Business Operations & Marketing,
2624,news,Med Spa Lessons from Australia featuring Inside Aesthetics  News›NewsMed Spa Lessons from Australia ,Business Operations & Marketing,
2655,news,Med Spa M&A and Private Sales: A Look Back at 2025—and What Lies Ahead  News›Practice ManagementMed ,Business Operations & Marketing,
2639,news,"Med Spas Under the Microscope  News›Legal & ComplianceMed Spas Under the MicroscopeJune 12, 2026FDA,",Regulatory & Legal,
3085,news,Medical Marketing Whiz Announces Partnership With Boulevard to Help Med Spas and Wellness Clinics St,Business Operations & Marketing,
2652,news,Medical Purchasing Resource Becomes Platinum Vendor Affiliate with the American Med Spa Association ,Business Operations & Marketing,
2610,news,Medical Spa Show Nominated for Best Tradeshow Injectable Education: 2026 L+A Clinical Collective Awa,Business Operations & Marketing,
2636,news,"Medicare GLP-1 Bridge Program Launches July 1, Expanding Access for Some Patients  News›Industry New","GLP-1, Weight Loss & Peptides",Regulatory & Legal
2641,news,MedSafe Becomes Gold Vendor Affiliate with the American Med Spa Association  News›Industry NewsMedSa,Business Operations & Marketing,Regulatory & Legal
2615,news,"Meet Your Mentors at the Dallas Med Spa Boot Camp  News›Practice Management,Training & EventsMeet Yo",Career & Training,
2602,news,Merz Aesthetics Reintroduces Neocutis Journée Revitalizing Day Cream SPF 30  News›Industry NewsMerz,Product & Device Launches,
2664,news,Merz Aesthetics’ Ultherapy PRIME Gains FDA Clearance for Knee Skin Laxity  News›Industry NewsMerz Ae,Product & Device Launches,
2646,news,Misinformation on Hyaluronic Acid (HA) Fillers Taking Over Your Practice? A New Fact-Based Campaign ,Injectables & Fillers,Business Operations & Marketing
2645,news,"Moxie Announces Treatment Plans  News›Industry NewsMoxie Announces Treatment PlansJune 9, 2026Moxie,",Product & Device Launches,Business Operations & Marketing
2656,news,New Georgia Medical Board Statement on IV Therapy Statement  News›Legal & ComplianceNew Georgia Medi,Regulatory & Legal,
2613,news,"New IV Rules in Maine  News›Legal & Compliance,NewsNew IV Rules in MaineJuly 23, 2026By Patrick O’Br",Regulatory & Legal,
2631,news,"New Radiesse Research Highlights Deeper Extracellular Matrix Regeneration  News›Clinical Practice,In",Research & Clinical Findings,
2618,news,Obagi Medical Announces FDA Approval of Obagi saypha ChIQ Injectable Hyaluronic Acid Gel  News›Indus,Product & Device Launches,Injectables & Fillers
2651,news,Pacific Reliance Medical M&A Advisors Becomes Platinum Vendor Affiliate with the American Med Spa As,Business Operations & Marketing,
2635,news,"PDGF, Regenerative Medicine and the Questions Med Spas Can’t Ignore  News›Clinical Practice,Legal & ",Regulatory & Legal,Research & Clinical Findings
2619,news,Private Equity Bridgepoint Group Acquires Obagi Medical  News›Industry NewsPrivate Equity Bridgepoin,Business Operations & Marketing,
3084,news,Raging Agency Becomes Silver Vendor Affiliate with the American Med Spa Association  News›Industry N,Business Operations & Marketing,
2973,news,RHA Redensity Eye Receives FDA Approval for Undereye Hollowing  News›Industry NewsRHA Redensity Eye ,Injectables & Fillers,Product & Device Launches
2640,news,SafeLink Consulting Becomes Platinum Vendor Affiliate with the American Med Spa Association  News›In,Business Operations & Marketing,
2623,news,SkinMedica launches Regenerative Science Advisory Board  News›Industry NewsSkinMedica launches Regen,Research & Clinical Findings,
2633,news,SkinStylus Receives New FDA Clearance for the Improvement of Periorbital Wrinkles for All Skin Types,Product & Device Launches,
2966,news,"South Carolina Medical Board Warns Against Use of Research-Grade Peptides  News›Industry News,Legal ",Regulatory & Legal,"GLP-1, Weight Loss & Peptides"
2629,news,Texas Med Spa Charges: Understanding Precedent for Criminal Law in Medicine  News›Legal & Compliance,Regulatory & Legal,Safety Incidents
2605,news,The Community Advantage: How Industry Relationships Accelerate Success in Medical Aesthetics  News›P,Business Operations & Marketing,
2638,news,The Top 10 Purchasing Mistakes MedSpa Owners Make (And How to Avoid Them)  News›Practice ManagementT,Business Operations & Marketing,
2607,news,Universal Healthcare Consulting Becomes Platinum Vendor Affiliate with the American Med Spa Associat,Business Operations & Marketing,
2661,news,USA Payments Becomes Gold Vendor Affiliate with the American Med Spa Association  News›Industry News,Business Operations & Marketing,
2591,news,What Research from 100+ Medspa Brands Reveals About Growth in 2026  News›Practice ManagementWhat Res,Business Operations & Marketing,
2611,news,Why Med Spa Marketing Goes Wrong: 7 Problems to Watch for Before You Sign a Contract  News›Marketing,Business Operations & Marketing,
188,reddit_post,Feels like the AI agency bubble is starting to pop. Anyone else seeing it?  Prediction I'll probably,Business Operations & Marketing,
187,reddit_post,Esthetician Facial or Medspa Treatment  SFBWT what self-care treatments are we doing lately? Love se,Consumer Experiences & Complaints,
137,reddit_post,RoachesRoach infestation at my workplace. Treatment timeline?  Hi!So I started working at my current,Safety Incidents,
186,reddit_post,"Skin TreatmentsBad experience with first time Botox consult, wondering how normal this is  So I had ",Consumer Experiences & Complaints,Injectables & Fillers
142,reddit_post,RecommendationBest medspa/doctor for sculptra or filler?  Basically title. Anyone have recommendatio,Injectables & Fillers,
141,reddit_post,Salon Rental  I am looking to start my own practice and have done some research on renting a sola sa,Business Operations & Marketing,
140,reddit_post,Medical exam chairs  We're looking to get some motorized medical exam chairs for the office. Like th,Business Operations & Marketing,
139,reddit_post,Side EffectsDoes it get better - help?  Yeah so please be kind. Im struggling here. Not so much with,"GLP-1, Weight Loss & Peptides",Consumer Experiences & Complaints
169,reddit_post,The before and after photo is doing more work than just showing a result  A well documented before a,Business Operations & Marketing,
138,reddit_post,Laws in Indiana  Hi everyone. I am an RN in Indiana. I have always been interested in aesthetics and,Regulatory & Legal,
180,reddit_post,Skin TreatmentsBBL reaction  Have tried everything for my redness - was recommended to try BBL. Did ,Consumer Experiences & Complaints,Safety Incidents
130,reddit_post,"🧪 Treatments & ServicesDo Not Trust Bryant Taylor Law  I hope this is allowed here, but this is for ",Consumer Experiences & Complaints,
136,reddit_post,"Medical grade skin care brands (IS clinical)  Medspa estis, what are your thoughts on IS clinical sk",Business Operations & Marketing,
135,reddit_post,📍 Local Visibility & GoogleSubtle plump💉  Lip filler done by Nurse Jessica at El Paso Cosmetic Surge,Injectables & Fillers,Consumer Experiences & Complaints
134,reddit_post,MiscBest treatment I can go get at a medspa before my trip for this pigmentation?  What would be bes,Body Contouring & Energy-Based Devices,
2705,reddit_post,Best treatment I can go get at a medspa before my trip for this pigmentation?  ,Consumer Experiences & Complaints,
132,reddit_post,"Self-Post18f soft + hard advice  hi all, looking for advice on how to improve my looks! i will yap a",Injectables & Fillers,
185,reddit_post,"Overcoming not feeling or good enough.  Let me start out with, I graduated in October 2025, and lice",Career & Training,
131,reddit_post,"RN’s that own medspas, is it worth it?  I’m really thinking if I should open my own place or work fo",Business Operations & Marketing,
184,reddit_post,Product DiscussionIs PDRN ruining my skin?  I've recently started experiencing breakouts and bumps o,Consumer Experiences & Complaints,
183,reddit_post,"Rancho Cucamonga medspa  Constantly hiring new girls for very low pay as an RN, just to never pay th",Safety Incidents,Business Operations & Marketing
129,reddit_post,Please help Review on clinic anticlock medispa  Any reviews of Dr. KmKapoor for Sculptra? Looking fo,Consumer Experiences & Complaints,Injectables & Fillers
128,reddit_post,MSN vs. DNP for aesthetic nursing  MSN vs. DNP for aesthetic nursing—what would you recommend?I live,Career & Training,Business Operations & Marketing
127,reddit_post,"BOTCHED AFjust a mess..  ...no words, honestly. except that it seems Big Al's medspa nurse is inject",Consumer Experiences & Complaints,Safety Incidents
126,reddit_post,Seeking AdviceMasseter Botox recommendations? No medspas  Anyone have recommendations on where to ge,Injectables & Fillers,
182,reddit_post,Advice NeededConflicting opinions  I have had sun damage in my face for years- I’m a 35 year old fem,Consumer Experiences & Complaints,Injectables & Fillers
125,reddit_post,Employee treatments  Hi all! I'm just wondering what is considered standard for covering employee tr,Business Operations & Marketing,
124,reddit_post,🧪 Treatments & ServicesBay Area Botox places ?  I’m considering getting Botox for the first time and,Consumer Experiences & Complaints,
181,reddit_post,"Built a platform that turns a CSV into a searchable, agent-run product you can sell. Two live demos ",Business Operations & Marketing,
123,reddit_post,"Rancho Cucamonga medspa  Constantly hiring new girls for very low pay as an RN, just to never pay th",Business Operations & Marketing,Safety Incidents
122,reddit_post,"Rancho Cucamonga medspa  Constantly hiring new girls for very low pay as an RN, just to never pay th",Business Operations & Marketing,Safety Incidents
121,reddit_post,"Medspa Revenue Optimization: Hidden Leaks, Impact & Profit Tips  The Practice That Didn’t Know It Wa",Business Operations & Marketing,
120,reddit_post,Topical Rejuran and RF microneedling in the U.S.  A medspa in the U.S. offers topical Rejuran follow,Consumer Experiences & Complaints,Body Contouring & Energy-Based Devices
119,reddit_post,Shadowing at a med spa?  How do I approach trying to do a shadowing at a medspa? I am considering go,Career & Training,
118,reddit_post,3. Collect More Positive Patient Reviews  Reviews are one of the strongest ranking factors for Googl,Business Operations & Marketing,
2704,reddit_post,📈 Marketing & Leads1 month away from closing our med spa. Tried everything. Looking for real advice ,Business Operations & Marketing,
117,reddit_post,💬 General DiscussionCertification/Training AAFE  Can anyone share their experience with AAFE certifi,Career & Training,
116,reddit_post,Red light therapy + vibration  There’s a MedSpa in my area offering a special for red light therapy ,Body Contouring & Energy-Based Devices,Consumer Experiences & Complaints
178,reddit_post,how far in advance should i book a med spa consult for lip fillers?  f (39) trying to plan this lip ,Injectables & Fillers,
115,reddit_post,"Need honest feedback on injectables  Hi :)I'm an injector starting my own practice, and I wanted to ",Consumer Experiences & Complaints,Business Operations & Marketing
114,reddit_post,Red light therapy + vibration for weight loss  There’s a MedSpa in my area offering a special for re,Consumer Experiences & Complaints,Body Contouring & Energy-Based Devices
113,reddit_post,Shadowing at a med spa?  How do I approach trying to do a shadowing at a medspa? I am considering go,Career & Training,
112,reddit_post,RANT!Please read I know it’s so long sorry ( officially leaving the aesthetics field)  I graduated  ,Career & Training,
177,reddit_post,Med spa  Hey everyone! I’m in the process of opening my own med spa after being in the aesthetics in,Body Contouring & Energy-Based Devices,Business Operations & Marketing
2703,reddit_post,Spa World in VA  ,Business Operations & Marketing,
2702,reddit_post,"Do you prefer an injector who gives you exactly what you ask for, or one who is willing to have a to",Consumer Experiences & Complaints,
111,reddit_post,Skin TreatmentsVISIA scores + planning treatment order — what would you prioritize?  I’m 34 and have,Consumer Experiences & Complaints,
110,reddit_post,Spa World in VA  At the recommendation of a new acquaintance I went to the spa today for the first t,Consumer Experiences & Complaints,
109,reddit_post,RecommendationsSculptra / radiesse  Can you please share roughly how much either of these treatments,Injectables & Fillers,Consumer Experiences & Complaints
108,reddit_post,🧪 Treatments & ServicesNon-Surgical Rhinoplasty  Nose filler done here at El Paso Cosmetic Surgery!,Injectables & Fillers,
107,reddit_post,TX Microneedling  Hi!I’m a licensed esthetician in Texas. I currently work in a medspa 3 days a week,Regulatory & Legal,Career & Training
176,reddit_post,"Question for the NPs here re: cert renewal  Hi, all! I'm a medspa owner and NP. I just opened my med",Career & Training,
36,reddit_post,New MEDSPA  Passed by (I’m assuming) a newly opened medspa along 61st & 39th Ave. Has anyone tried t,Consumer Experiences & Complaints,
106,reddit_post,All doctors are different🩺Drue’s Primary Care Provider  This was posted from the medspa two days ago,Business Operations & Marketing,
175,reddit_post,Help/AdvicePlease help! I am overwhelmed and have no idea what to buy for a skincare routine.  Updat,Consumer Experiences & Complaints,
105,reddit_post,Is this settlement payout email that I received from Atticus Administration legitimate?  If you purc,Regulatory & Legal,
104,reddit_post,"I’ve been laid off every year for 6 years. Fired twice just this year. Is it me?  As the title says,",Career & Training,
103,reddit_post,Anyone here recently opened a new med spa or aesthetics practice in the Bay Area CA?  I’m curious ho,Business Operations & Marketing,
102,reddit_post,"EmploymentQuestion for Aesthetic NPs here re: cert renewal  Hi, all! I'm a medspa owner and NP. I ju",Career & Training,
101,reddit_post,Skin TreatmentsForced to buy medspa products in order to complete treatment  The title says it all. ,Consumer Experiences & Complaints,
174,reddit_post,"General DiscussionInjected into the shoulder joint, what does that mean for absorption?  ...I didn't",Consumer Experiences & Complaints,Safety Incidents
173,reddit_post,BTL Emsella repair help! (Texas)  I've been told by a technician that we need to replace the Emsella,Body Contouring & Energy-Based Devices,
90,reddit_post,I spent 4 months researching MedSpa operations across 200+ sources. Here's what I think I found. But,Business Operations & Marketing,
89,reddit_post,"Which niche to choose in July 2026 for ai voice receptionist?  Hello, I've been learning ai automati",Business Operations & Marketing,
100,reddit_post,How many laser sessions should I do? At what point is it not working anymore?  Hello! For some conte,Body Contouring & Energy-Based Devices,Consumer Experiences & Complaints
99,reddit_post,QuestionIn office hydroquinone?  I’ve been to a medspa in my city several times and recently inquire,Consumer Experiences & Complaints,Regulatory & Legal
98,reddit_post,"need suggestions on how to prep for microneedling before med spa appointment  hello everyone,,booked",Body Contouring & Energy-Based Devices,
97,reddit_post,🏪 Local BusinessWould anyone know of a private medical clinic/medspa in Scottsdale hiring for a medi,Career & Training,
96,reddit_post,"Job Listing[Hiring] Appointment Setter — Concierge Medical Practice (Remote, Part-Time)  Quick note ",Career & Training,
172,reddit_post,How many laser sessions should I do? At what point is it not working anymore?  Hello! For some conte,Body Contouring & Energy-Based Devices,Consumer Experiences & Complaints
171,reddit_post,👋Welcome to r/utahbeautymakeuppmu - Introduce Yourself and Read First!  Hey everyone! I'mu/Angelpink,Off-topic / Not relevant,
95,reddit_post,7 figure Docs  Hello! Does anyone have any experience with or feedback on 7 Figure Docs marketing ag,Business Operations & Marketing,
2701,reddit_post,"Need advice on IPL laser treatment, treating angioma & broken capillaries on nose.  ",Body Contouring & Energy-Based Devices,
94,reddit_post,"Quick QuestionMedspa reco for 9hr layover  Hi, I have avery intentional9 and a half layover in Korea",Consumer Experiences & Complaints,
93,reddit_post,"Clinic Questions & AdviceClinic reco for 9 hr layover  Hi, I have avery intentional9 and a half layo",Injectables & Fillers,
92,reddit_post,"How do you choose the right facial when every spa menu sounds the same?  I work at a medspa, and one",Business Operations & Marketing,
91,reddit_post,"New lip filler / injections 💉❤️  I just got my lip injections / lip filler done, and I love them so ",Injectables & Fillers,Consumer Experiences & Complaints
170,reddit_post,I keep missing calls when we are with clients. What are other small med spas doing?  I run a small m,Business Operations & Marketing,
168,reddit_post,💬 General DiscussionAre we tipping our Botox injectors now?? Especially if they own the practice?  G,Business Operations & Marketing,Consumer Experiences & Complaints
88,reddit_post,Reputable clinic to dissolve facial fillers?  Hi! I got tear trough fillers a few years back and it',Consumer Experiences & Complaints,Injectables & Fillers
87,reddit_post,⚠️ Mistakes to AvoidPatient / nurse relationship  Pretty much I want everyone’s thoughts on this. If,Regulatory & Legal,
86,reddit_post,Telehealth Startup Pre-Seed  What we do: We're a membership-based longevity practice. Physician-buil,Business Operations & Marketing,"GLP-1, Weight Loss & Peptides"
2700,reddit_post,Congrats!  ,Off-topic / Not relevant,
85,reddit_post,HelpChargeback experiences?  Does anyone have any experiences with chargebacks after being mislead a,Consumer Experiences & Complaints,
84,reddit_post,"Business/Product NamesI'm planning to open a K-beauty medspa — how does the name ""The Gangnam Method",Business Operations & Marketing,
83,reddit_post,Male clients refer heavily and most medspas are barely marketing to them  The male aesthetic market ,Business Operations & Marketing,
82,reddit_post,Lost 16lbs of pure fat on Reta … in 3 months  So when I started I took a body comp at my medspa and ,"GLP-1, Weight Loss & Peptides",Consumer Experiences & Complaints
81,reddit_post,Skin TreatmentsExperiences with sofwave??  Anyone ever had sofwave done and want to share his or her,Body Contouring & Energy-Based Devices,Consumer Experiences & Complaints
167,reddit_post,Looking for Guidance on Buy-Side Due Diligence for a CA Medspa Investment (MSO/PC Structure)  I'm lo,Business Operations & Marketing,
80,reddit_post,Brittanypratz  i cant be the only one thinking this?? it reminds me of kaits videos on the medspa pr,Consumer Experiences & Complaints,
79,reddit_post,What happens to unused botox units if MedSpa closes?  I'm considering buying a year's worth of Botox,Consumer Experiences & Complaints,
78,reddit_post,Can anyone recommend a medspa that isn’t always trying to sell you something?  I know it’s their job,Consumer Experiences & Complaints,
77,reddit_post,Question/RecommendationNail Spa who can work with eczema recommendation  I was turned down by a nail,Consumer Experiences & Complaints,
76,reddit_post,Juvederm Choices for Lip Enhancement  I am ready to take the plunge and try lip filler for the first,Injectables & Fillers,
75,reddit_post,"How to Clear Melasma  Melasma is one of the most common, chronic, skin hyperpigmentation conditions ",Business Operations & Marketing,
74,reddit_post,💬 General DiscussionWhat is a red flag when choosing an aesthetic provider?  When researching a meds,Consumer Experiences & Complaints,
73,reddit_post,Nurse pay advice  I live in TX as an RN transitioning into aesthetics and I am looking for advice fr,Career & Training,
72,reddit_post,Non creepy massage places in Chico  Me and my boyfriend are trying to find a good place in Chico to ,Consumer Experiences & Complaints,
71,reddit_post,[Education]IL Licensed Esthetician looking to become injector — RN path worth it? Timeline?  Hey all,Career & Training,
166,reddit_post,"Good Lip Filler in Los Angeles?  Hi, I have never gotten lip filler before, but I've been wanting it",Injectables & Fillers,
165,reddit_post,"💄 BeautyVI peel or deep peel for Brown/black skin  suggestion  Hello,We are a group of women of colo",Consumer Experiences & Complaints,
70,reddit_post,Question/RecommendationMedspa recommendations  Plz recommend ur med spas for botox and filler!! plz ,Injectables & Fillers,
69,reddit_post,"💬 General DiscussionMedspa says I need almost $11k worth of work, I am 37  I am truly shocked! I did",Consumer Experiences & Complaints,Injectables & Fillers
68,reddit_post,"anyone have experience stacking reta, tirz, and tesa??  i am 23f and have been in the gym very consi","GLP-1, Weight Loss & Peptides",Consumer Experiences & Complaints
67,reddit_post,"anyone have experience stacking reta, tirz, and tesa??  i am 23f and have been in the gym very consi","GLP-1, Weight Loss & Peptides",
66,reddit_post,"anyone have experience stacking reta, tirz, and tesa?  i am 23f and have been in the gym very consis","GLP-1, Weight Loss & Peptides",
65,reddit_post,"does anyone have experience stacking reta, tirz, and tesa?  i am 23f and have been in the gym very c","GLP-1, Weight Loss & Peptides",
164,reddit_post,"Advice NeededVP level job market is soul crushing  I have spent 12+ years in sales, a majority of th",Career & Training,
2706,reddit_post,Botched and Blessed 💉 ✝️When she worked at the medspa she started getting fillers in her cheeks and ,Injectables & Fillers,Consumer Experiences & Complaints
2697,reddit_post,Podium: AI Lead Generation & Lead Management Platform is the worst!  ,Business Operations & Marketing,Consumer Experiences & Complaints
158,reddit_post,Debating on whether to get my masters license  Hello fellow esthies!So I’m about halfway through est,Career & Training,Business Operations & Marketing
64,reddit_post,🧪 Treatments & ServicesIs it best to specialise and focus in one area or branch out and offer multip,Business Operations & Marketing,Career & Training
63,reddit_post,IDL MedSpas using red pens on high-res photos to sell instant self hate  I went with a friend to a l,Consumer Experiences & Complaints,Business Operations & Marketing
62,reddit_post,QUESTION FOR THE ROOMWhat was your DIY intro to current like?  I’m curious what your DIY journey has,Consumer Experiences & Complaints,Injectables & Fillers
61,reddit_post,What was your intro to DIY journey like to now?  What was your DIY intro to current like?I’m curious,Consumer Experiences & Complaints,
2699,reddit_post,Longevity and Hormone  ,"GLP-1, Weight Loss & Peptides",
60,reddit_post,🧾 OperationsConsultation software or tools?  Does anyone have any recomendations for tools or softwa,Business Operations & Marketing,
58,reddit_post,"Lying liar  Emily Ann Gemma is my ultimate BEC, and she sits on a throne of lies. If only I had a sc",Consumer Experiences & Complaints,
57,reddit_post,How MedSpa Membership Programs Drive Recurring Revenue  4 Med Spa Membership Models: How to Build Re,Business Operations & Marketing,
56,reddit_post,"neck/chest/abdomenPIH post laser treatment, left with horrible spots on my abdomen  Hi everyone! New",Consumer Experiences & Complaints,Safety Incidents
163,reddit_post,Can microneedle help?  Hi everyone! New here in this app in hopes somebody can help.A little back st,Consumer Experiences & Complaints,
162,reddit_post,Can lips completely go back to normal after dissolving lip filler?  Please help as I’m spiraling.I g,Injectables & Fillers,Consumer Experiences & Complaints
55,reddit_post,This is the funnel behind every high-performing clinic 👇  💡 100 leads📞 40 consults🧑‍⚕️ 20 new patien,Business Operations & Marketing,
54,reddit_post,📊 Case StudyPractitioners: cryolipolysis for the male suprapubic fat pad?  I’ve been offered cryolip,Body Contouring & Energy-Based Devices,
53,reddit_post,"Buying a chemical peel online is not the same as booking a professional peel  I work with a medspa, ",Consumer Experiences & Complaints,
52,reddit_post,HaulShark Led Mask Purchase :)  It took me over a year of research before I finally decided to purch,Consumer Experiences & Complaints,
51,reddit_post,"Looking for Insight From MedSpa Operators  ​Hey everyone,I’m exploring a new medspa concept in Texas",Business Operations & Marketing,Regulatory & Legal
50,reddit_post,Trainer/Training Company Reccomendations  Looking to explore more advanced trainings for aesthetics ,Career & Training,
49,reddit_post,Medspa billboard  I drove by this medspa billboard that says something pretty crazy like “aging is f,Business Operations & Marketing,
48,reddit_post,"Beyond the Hype: Why BPC-157 is Known as the ""Wolverine Peptide""  The search for rapid injury recove","GLP-1, Weight Loss & Peptides",Business Operations & Marketing
47,reddit_post,Nova  I ordered from Rift after getting a prescription for Tirz from a local Medspa (was receiving t,"GLP-1, Weight Loss & Peptides",Consumer Experiences & Complaints
46,reddit_post,Looking for a Performance Marketing Partner  I'm building a niche agency focused on helping aestheti,Business Operations & Marketing,
45,reddit_post,Best medspa in Erie?  I’m looking to get some micro needling done. Does anyone know the best medspa ,Consumer Experiences & Complaints,
44,reddit_post,Cherry payment plans?  Anyone have any feedback on using them or recommend any other payment plan pr,Business Operations & Marketing,
160,reddit_post,"DiscussionI work at a medspa that offers GLP-1s, one misconception we spend a lot of time educating ","GLP-1, Weight Loss & Peptides",
43,reddit_post,"Tired of chasing leads that never book? 😩  Most clinics spend hours calling, emailing, and following",Business Operations & Marketing,
42,reddit_post,Dysport Pricing  Is $425 for 3 areas of Dysport plus a B12 shot a good deal? My med spa is offering ,Consumer Experiences & Complaints,
41,reddit_post,I’ve sent 600+ cold DMs to MedSpas over the last 2 months and I still can't figure out what I'm doin,Business Operations & Marketing,
159,reddit_post,I’ve sent 600+ cold DMs to MedSpas over the last 2 months and I still can't figure out what I'm doin,Business Operations & Marketing,
40,reddit_post,QuestionI’ve sent 600+ cold DMs to MedSpas over the last 2 months and I still can't figure out what ,Business Operations & Marketing,
39,reddit_post,I will not promoteI’ve sent 600+ cold DMs to MedSpas over the last 2 months and I still can't figure,Business Operations & Marketing,
38,reddit_post,QuestionI’ve sent 600+ cold DMs to MedSpas over the last 2 months and I still can't figure out what ,Business Operations & Marketing,
37,reddit_post,anyone else noticing ai just doesn't mention independent med spas?  been seeing some research going ,Business Operations & Marketing,
157,reddit_post,QuestionI’ve sent 600+ cold DMs to MedSpas over the last 2 months and I still can't figure out what ,Business Operations & Marketing,
156,reddit_post,❓ QuestionI’ve sent 600+ cold outreach to MedSpas over the last 2 months and I still can't figure ou,Business Operations & Marketing,
35,reddit_post,I’ve sent 600+ cold DMs to MedSpas over the last 2 months and I still can't figure out what I'm doin,Business Operations & Marketing,
155,reddit_post,I’ve sent 600+ cold DMs to MedSpas over the last 2 months and I still can't figure out what I'm doin,Business Operations & Marketing,
2698,reddit_post,"💬 General DiscussionClient discount expectations once they start treating you like a friend, how do ",Business Operations & Marketing,
34,reddit_post,millia removal recs? drop your fav medspa with good prices  Here's the deal: millia removal is not c,Consumer Experiences & Complaints,
154,reddit_post,Led device for my MedSpa  I am a new medspa owner and was looking for devices that I'd like to add t,Business Operations & Marketing,
33,reddit_post,HELP! Ordering higher doses - am I missing something?  Okay I just started ordering my tirz through ,"GLP-1, Weight Loss & Peptides",Consumer Experiences & Complaints
32,reddit_post,Hospitalist side gigs  Because picking up extra shifts gets tiring after a while….one job isn’t enou,Off-topic / Not relevant,
31,reddit_post,Botox/Dysport  How long does yours last? How much do you spend?I get Dysport and stretch it 4 months,Injectables & Fillers,Consumer Experiences & Complaints
30,reddit_post,[Advice]Laser Tattoo Removal Estis  Hi! Facialist Esti at a Medspa here thinking of changing my envi,Career & Training,Body Contouring & Energy-Based Devices
29,reddit_post,Skin TreatmentsWhich treatment for static wrinkle?  Please help lol I'm new to skin care and am comp,Injectables & Fillers,
28,reddit_post,🧠 Med Spa GrowthWhat are the hottest treatments at your med spa?  Hey guys. Just want to get a feel ,Business Operations & Marketing,
27,reddit_post,Pharmacy Questions  How much of a difference does the pharmacy make in your opinion?  Are there any ,"GLP-1, Weight Loss & Peptides",Consumer Experiences & Complaints
153,reddit_post,Simple QuestionFollow up to my 3 weeks and quitting story  I’ve been off work since January from a T,Career & Training,
26,reddit_post,Any medspas in Barcelona?  I want to do sculptra for my glutes and some microneedling,Consumer Experiences & Complaints,
152,reddit_post,Laser techs - how do you guys position the client to do full upper and lower arms with an IPL (recta,Body Contouring & Energy-Based Devices,
12,reddit_post,Laser techs - how do you guys position the client to do full upper and lower arms with an IPL (recta,Body Contouring & Energy-Based Devices,
8,reddit_post,Damn Dawna 😩This lunatic has shared in the past that she was on a compounded GLP when she worked at ,"GLP-1, Weight Loss & Peptides",Consumer Experiences & Complaints
25,reddit_post,CommunityWhere I invest and don't invest as a BWT  I wanted to contribute to the conversation about ,Consumer Experiences & Complaints,
24,reddit_post,"Ask El PasoBest medspa in El Paso ?  Where do you get your botox, filler, sculptra, facial treatment",Consumer Experiences & Complaints,
23,reddit_post,DiscussionWhen u have a “climber”.  This is Drue and Gabe Basham’s daughter. I’m not posting this to,Consumer Experiences & Complaints,Regulatory & Legal
22,reddit_post,When u have a “climber”.  This is Drue and Gabe Basham’s daughter. I’m not posting this to criticize,Consumer Experiences & Complaints,
151,reddit_post,Has anyone gotten Derma PRP Gel for under eyes?  Years ago i did juvaderm filler under my eyes and t,Consumer Experiences & Complaints,
150,reddit_post,Hiring[HIRING] Looking for a US-Based Cold Caller | $100 Guaranteed + $500+ Per Client Closed 🚀  I'm,Career & Training,Business Operations & Marketing
149,reddit_post,"Help me to find better option  Hey everyone,I’m looking for realistic advice on how to get at least ",Consumer Experiences & Complaints,
20,reddit_post,"Help me to find better option  Hey everyone,I’m looking for realistic advice on how to get at least ",Body Contouring & Energy-Based Devices,
148,reddit_post,Opinion / AdviceCoverup Mistake  hey guys! love this forum.so i unfortunately got a coverup tattoo(3,Consumer Experiences & Complaints,Body Contouring & Energy-Based Devices
19,reddit_post,Medical spas and consumer violations California  Have you ever been to a medical spa and noticed an ,Regulatory & Legal,Consumer Experiences & Complaints
18,reddit_post,Botox in Remond  https://mdmedspabelred.com/services/botox-treatment-at-md-medspa-in-redmond-wa/,Injectables & Fillers,
17,reddit_post,"Place to get dermal fillers in SF?  Hi everyone, I just moved here recently and looking for a medspa",Injectables & Fillers,
16,reddit_post,"Botox Recommendations  With so many MedSpas all over the state, it's hard to tell where a reputable ",Injectables & Fillers,Consumer Experiences & Complaints
15,reddit_post,Hi! Wanting to Introduce Medley!  Hello! Medley Health & Beauty is a new small medspa that has opene,Business Operations & Marketing,
14,reddit_post,🧪 Treatments & ServicesCoolSculpting Results  Before & AfterContouring on the abdomen and flanks. Do,Body Contouring & Energy-Based Devices,
2696,reddit_post,"🧾 OperationsWhat's Your System for Keeping Intake Forms, Consent, and Treatment Notes in One Place? ",Business Operations & Marketing,
13,reddit_post,Nobody warns you how operationally messy a membership gets at scale  Most medspa membership problems,Business Operations & Marketing,
147,reddit_post,What Is the Difference Between Botulinum Toxin and Dermal Fillers? (Montreal Guide)  One of the most,Injectables & Fillers,
2695,reddit_post,What crazy client stories do you have?  ,Consumer Experiences & Complaints,
2694,reddit_post,What crazy client stories do you have?  ,Consumer Experiences & Complaints,
2693,reddit_post,Medical spas and consumer violations California  ,Regulatory & Legal,
11,reddit_post,"QuestionsStruggling, what to do?  I started tirzepatide back in late June. Took 2.5mg for 5 weeks an","GLP-1, Weight Loss & Peptides",Consumer Experiences & Complaints
10,reddit_post,Vivash Medspa to Host Radiant Gut Health Seminar  Vivash Medspawill host theRadiant Gut Health Semin,Business Operations & Marketing,
9,reddit_post,Vivash Medspa to Host Radiant Gut Health Seminar  Vivash Medspawill host theRadiant Gut Health Semin,Business Operations & Marketing,
146,reddit_post,There are More MedSpas than McDonalds  Oreos don’t belong in your FACE.. Neither do most of the proc,Consumer Experiences & Complaints,
145,reddit_post,Skin healing fast  When I got microneedling (first time) at a medspa my skin would be pretty tight f,Consumer Experiences & Complaints,
7,reddit_post,Which med spa expos & conferences are actually worth attending in the US & Canada?  Hey everyone! It,Business Operations & Marketing,
6,reddit_post,QuestionDropshipping rx medication - advice for someone who trying to move from in-person to virtual,Business Operations & Marketing,"GLP-1, Weight Loss & Peptides"
5,reddit_post,Help/AdviceLooking for social media manager - beauty business  Hi! I’m a permanent makeup artist and,Business Operations & Marketing,
4,reddit_post,These characters are insufferable  My mom loved this show when it aired. I’ve seen little bits at th,Off-topic / Not relevant,
3,reddit_post,Face Contouring in Remond  https://mdmedspabelred.com/services/face-contouring-in-redmond-wa/,Body Contouring & Energy-Based Devices,
2,reddit_post,SellingFinal move out sale - drawer and gym pass  Selling my Featherlite side drawer from Koramangal,Off-topic / Not relevant,
1,reddit_post,Help / Advice NeededIs this normal?!?  I got mn done last night at a Medspa and woke up this morning,Consumer Experiences & Complaints,
144,reddit_post,"Legal & FinanceLumping Injectables Into General ""Cost of Services"" Is Costing Some MedSpas More Than",Business Operations & Marketing,
143,reddit_post,[Advice]Is it normal to only have a couple minutes to flip a room?  I am an esthetician and work at ,Business Operations & Marketing,
191,reddit_post,🛠️ Workflow / How-ToYou sent the quote. They went quiet. Here's the follow-up sequence that actually,Business Operations & Marketing,
189,reddit_post,"MiscI feel like my medspa is being unreasonable… what should I do?  Bit of a long story ahead, I kno",Consumer Experiences & Complaints,
2708,reddit_post,"Business/CompanyButter Medspa in Englewood, NJ is looking to grow our team! We're looking for a lice",Career & Training,
193,reddit_post,QuestionsPreventive MD customers  do you know if they require proof of your past RX dose in order le,"GLP-1, Weight Loss & Peptides",Consumer Experiences & Complaints
192,reddit_post,"Should I shift my niche?  Hi,I am from India and I have been doing local seo for my dentist client f",Business Operations & Marketing,
194,reddit_post,"Looking for MedSpa in Manassas that offers laser hair removal  As the title states, I'm looking for ",Body Contouring & Energy-Based Devices,
196,reddit_post,💬 General DiscussionCommercial landlords are actually delusional rn  Im at my absolute breaking poin,Business Operations & Marketing,
195,reddit_post,"Meso / SkinboostersPeel + Tox = smooooth!  After my DIY tox, plus two DIY BioRePeels, my skin is so ",Consumer Experiences & Complaints,Injectables & Fillers
2709,reddit_post,To the folks who run successful multi-modality wellness practices:  ,Business Operations & Marketing,
205,reddit_post,JobLooking to hire VA !!  Hi! I’m looking to hire a VA. The role would be part-time and mainly focus,Career & Training,
206,reddit_post,DiscussionBest Meta Ads strategy for a medical aesthetics clinic?  I manage Meta ads for my own medi,Business Operations & Marketing,
190,reddit_post,Success StoryPlaud Embedded: Building the sales intelligence layer for medical aesthetic practices  ,Business Operations & Marketing,Product & Device Launches
204,reddit_post,New Doctor Opening a Practice in Southern California — Looking for Mentors & Recommendations  Hi eve,Business Operations & Marketing,
203,reddit_post,"Need Suggestion regarding Medspa  I have a client( med spa) , he wants to run the ads for his brand ",Business Operations & Marketing,
2707,reddit_post,Need Suggestion regarding Medspa  ,Business Operations & Marketing,
201,reddit_post,DiscussionGood medspa near southend?  Hi all! Just moved here a few weeks ago and my Botox is wearin,Consumer Experiences & Complaints,
200,reddit_post,Switched my provider and not feeling the same effect  I’m currently in my 3rd month on tirz. I start,"GLP-1, Weight Loss & Peptides",Consumer Experiences & Complaints
199,reddit_post,Job AdviceWhat are the prospects of breaking into medical/surgical derm if you start in aesthetics  ,Career & Training,
198,reddit_post,Skin ConcernUPDATE: Indentation caused by cortisone shot  I got a lot of responses on my previous po,Consumer Experiences & Complaints,Regulatory & Legal
197,reddit_post,"Fat DissolverKybella neck issues  I had kybella done 4-5 years ago, at a medspa and it melted the fa",Consumer Experiences & Complaints,Injectables & Fillers
2712,reddit_post,under eye pdgf done .Got so.Day3 night started feeling numbness on right side of nose and upper lip ,Safety Incidents,Consumer Experiences & Complaints
2711,reddit_post,under eye pdgf done .Got so.Day3 night started feeling numbness on right side of nose and upper lip ,Safety Incidents,Consumer Experiences & Complaints
2710,reddit_post,under eye pdgf done .Got so.Day3 night started feeling numbness on right side of nose and upper lip ,Safety Incidents,Consumer Experiences & Complaints
211,reddit_post,Top Medspa Consulting Firm  DermAesthetic Consulting Group is the top Aesthetic Practice Consulting ,Business Operations & Marketing,
210,reddit_post,🧪 Treatments & ServicesThinking about opening a medspa in Austin — what do you wish you knew before ,Business Operations & Marketing,
209,reddit_post,All doctors are different🩺Doctors appointment? Sure Jan 🙄  I’m sure it was the medspa,Consumer Experiences & Complaints,
207,reddit_post,✨ Kondescensing Katy ✨She puffed herself up in NYC  Whoever posted on here saying she was walking to,Consumer Experiences & Complaints,
208,reddit_post,🧪 Treatments & ServicesLip Filler Before & After  From no filler to 2 syringes of filler! Here is ou,Injectables & Fillers,
212,reddit_post,"Enrolled in aesthetician school, but should I reconsider?  I’ll try to keep it short.I’ve been prett",Career & Training,
2720,reddit_post,"AdviceLaser Hair Removal experience for HS  Hello people,I am recently diagnosed with HS and my derm",Body Contouring & Energy-Based Devices,
2719,reddit_post,Work“the customer is always right” is a load of bullshit  i work at a medspa. today my coworker and ,Business Operations & Marketing,Consumer Experiences & Complaints
2717,reddit_post,QuestionStripe shut my account randomly. What processor do you suggest?  Stripe shut my account down,Business Operations & Marketing,
2716,reddit_post,"💬 General DiscussionLumping Injectables Into General ""Cost of Services"" Is Costing Some MedSpas More",Business Operations & Marketing,Injectables & Fillers
2715,reddit_post,"Looking for a trusted GHL marketer  my brother owns a medspa. Been about 3-4 years, still trying to ",Business Operations & Marketing,
2714,reddit_post,AI Search is Changing How Patients Find Clinics...  SEO alone isn’t enough anymore. 🚀Patients aren’t,Business Operations & Marketing,
2718,reddit_post,"QuestionWhich agency service would be worth building?  Hi,I am a data scientist by profession and do",Business Operations & Marketing,
2713,reddit_post,Personal Injury Question?  Location: FloridaSo I had went to a Medspa and got NAD+ via IV treatment.,Safety Incidents,Regulatory & Legal
2781,reddit_post,Yellow BrowsQ-Switch or Fotona for yellow brows?  I has been very happy with my Fotona removal last ,Body Contouring & Energy-Based Devices,
2798,reddit_post,Protocols & TechniquesHow do you handle sanitation when there's barely any time between clients?  Tu,Business Operations & Marketing,Regulatory & Legal
2780,reddit_post,Ropefuelhe/him’d by real woman as she was lasering my faceSpoiler  picturing myself winning “Biggest,Consumer Experiences & Complaints,
2784,reddit_post,Hands-free diaper cream (price reduced)  I purchased a diaper cream business for my wife and then we,Off-topic / Not relevant,
2797,reddit_post,Hands-free diaper cream (price reduced)  I purchased a diaper cream business for my wife and then we,Off-topic / Not relevant,
2779,reddit_post,Hiring: Paid Acquisition Specialist — Meta Ads | Beauty/Aesthetics  ​Invincible Media is looking for,Business Operations & Marketing,
2783,reddit_post,Botox / Juvederm filler  If you are against fillers and Botox this post is NOT for you.To any people,Consumer Experiences & Complaints,
2787,reddit_post,[Hiring]Short-Form Video Editor + Content Creative | Beauty/Medspa Content | Remote  I'm looking for,Career & Training,
2778,reddit_post,[Hiring]Short-Form Video Editor + Content Creative | Beauty/Medspa Content | Remote,Career & Training,
2777,reddit_post,Whatever the hell this thing is,Off-topic / Not relevant,
2796,reddit_post,Forma laser  Hey all im just wondering if anyone can tell me about their experience with this treatm,Consumer Experiences & Complaints,Body Contouring & Energy-Based Devices
2795,reddit_post,Hands-Free Diaper Cream (price reduced)  I purchased a diaper cream business for my wife and then we,Off-topic / Not relevant,
2776,reddit_post,💬 General DiscussionXOEMIN Results- it only lasted 1.5 month  It is my first time doing Medspa and I,Consumer Experiences & Complaints,Injectables & Fillers
2775,reddit_post,"Sculptra in Redmond  MD Med Spa restores facial volume, stimulates natural collagen production, and ",Injectables & Fillers,
2782,reddit_post,DiscussionUrban Medspa Permanently Closed - Where are you going now?  Super bummed they closed down.,Business Operations & Marketing,Consumer Experiences & Complaints
2786,reddit_post,Client photography consent is one of those things that seems handled until it actually needs to be  ,Regulatory & Legal,Business Operations & Marketing
2794,reddit_post,Primary Care Doctors in Redmond  Discover compassionate Primary Care Doctors in Redmond offering per,Off-topic / Not relevant,
2773,reddit_post,my 20F boyfriend 21M smells and he’s indifferent  my boyfriend (21m) and I (20f) have been together ,Off-topic / Not relevant,
2770,reddit_post,How the Right Medspa Consultant Builds a Seven-Figure Aesthetic Practice  What actually separates as,Business Operations & Marketing,
2769,reddit_post,"Under eye filler  Under-eye filler, when recommended after a proper consultation, can help restore l",Injectables & Fillers,Business Operations & Marketing
2768,reddit_post,"Masseter Botox + chin filler  Hello,As a bday gift to myself, I plan to get both masseter botox and ",Injectables & Fillers,
2772,reddit_post,HIPAA Compliance Documentation - Validation  I am planning to start a hipaa compliance documentation,Regulatory & Legal,Business Operations & Marketing
2793,reddit_post,HIPAA Compliance Documentation - Validation  HIPAA Compliance Documentation - ValidationI am plannin,Regulatory & Legal,Business Operations & Marketing
2792,reddit_post,HIPAA Compliance Documentation - Validation  HIPAA Compliance Documentation - ValidationI am plannin,Regulatory & Legal,Business Operations & Marketing
2791,reddit_post,HIPAA Compliance Documentation - Validation  HIPAA Compliance Documentation - ValidationI am plannin,Regulatory & Legal,Business Operations & Marketing
2790,reddit_post,HIPAA Compliance Documentation - Validation  HIPAA Compliance Documentation - ValidationI am plannin,Regulatory & Legal,Business Operations & Marketing
2789,reddit_post,"Looking for Photographer (TFP Medspa Services)  Hello, looking for a photographer who would be willi",Business Operations & Marketing,
2785,reddit_post,"💬 General DiscussionLegal costs for starting own practice  Hi all, how much are you paying for legal",Regulatory & Legal,Business Operations & Marketing
2767,reddit_post,Chicago Brand New Med Spa in the area looking for recommendations to advertise and get traffic throu,Business Operations & Marketing,
2771,reddit_post,"What's actually worth the money at a spa, and what's just overpriced?  I've been trying to build a m",Consumer Experiences & Complaints,
2788,reddit_post,Looking for highly experienced Laser/microneedling providers  Hi everyone! I’m looking for recommend,Consumer Experiences & Complaints,
2972,reddit_post,"Meta Ads strategies for aesthetic/medspa clinics (other ideas of what works?)  Hey everyone, I run p",Business Operations & Marketing,
2970,reddit_post,PRP Microneedling in Redmond | Natural Skin Rejuvenation  Discover PRP Microneedling in Redmond for ,Business Operations & Marketing,
2969,reddit_post,Is this normal after a chemical peel!?  I got a chemical peel Tuesday afternoon and it’s now Thursda,Consumer Experiences & Complaints,
2983,reddit_post,Day-to-Day OperationsAre you tracking bookings or just leads?  One thing we see often in clinic mark,Business Operations & Marketing,
2982,reddit_post,is AI Search becoming part of the patient acquisition funnel?  We’ve been paying more attention to h,Business Operations & Marketing,
2985,reddit_post,Nobody told me mid migration was going to feel like this  The sales demo looks clean. The feature co,Business Operations & Marketing,
2981,reddit_post,Best natural lip filler  Which MedSpa offers the best most natural flat defined lip filler in west P,Injectables & Fillers,Consumer Experiences & Complaints
2980,reddit_post,Does a med spa actually verify your age/ID for a Botox lip flip?,Injectables & Fillers,Consumer Experiences & Complaints
2979,reddit_post,💬 General DiscussionNeed advice after upcharged laser treatment.  I got a spider vein laser treatmen,Consumer Experiences & Complaints,Business Operations & Marketing
2978,reddit_post,Evaluating options for my new medspa practice & looking for guidance  Y'all were extremely helpful w,Business Operations & Marketing,
2977,reddit_post,LA Blepharoplasty & Malar bag recommendations  Looking for recommendations! The three I’ve been look,Consumer Experiences & Complaints,
2976,reddit_post,Imagine putting this much effort into your face and zero into being a parent. #botoxqueen 🤮,Injectables & Fillers,Consumer Experiences & Complaints
2975,reddit_post,One month in one pound lost  I started at 2mg at a medspa. Didn't see any effects so was bumped to 3,"GLP-1, Weight Loss & Peptides",Consumer Experiences & Complaints
2974,reddit_post,"Advice on Services  Hi! I currently own and operate a small scale spa (laser hair removal, IPL, tatt",Business Operations & Marketing,
2984,reddit_post,StrategyYour clinic probably doesn’t have a marketing problem. It might have a branding problem.  We,Business Operations & Marketing,
3021,reddit_post,"[FOR HIRE][FOR HIRE] Custom 24/7 AI Voice Receptionist & Intake System for Clinics, Salons, Auto Sho",Business Operations & Marketing,
3020,reddit_post,"Your Medical Spa Doesn't Need More Leads, It Needs More Consultations  A medical spa can spend thous",Business Operations & Marketing,
3019,reddit_post,Memberships for treatment  Does anyone offer memberships? What percentage of members normally switch,Business Operations & Marketing,
3018,reddit_post,"QuestionHow to get the BPI deal  I just placed my first order with Pomegranate!  I'm very excited, a",Consumer Experiences & Complaints,
3043,reddit_post,Lumeva/Glam Appeal Body Filler from Makers of Elasty Fillers  Has anyone heard of Lumeva Body Filler,Injectables & Fillers,
3042,reddit_post,"Ask AustinLooking for under eye PRP & sculptra in Austin  As the title says, I’m looking for a medsp",Injectables & Fillers,
3064,reddit_post,How do multi-injector clinics enforce charting consistency across different providers?  For medical ,Business Operations & Marketing,
1940,reddit_comment,[Context: Self-Post18f soft + hard advice] Masseter Botox.,Injectables & Fillers,
2079,reddit_comment,[Context: Laws in Indiana] CPOM state,Regulatory & Legal,
